filename,wellID,counts,well,wellNum
data/assayplate_3765/AssayPlate_Corning_3765_A06_T0001F001L01A01Z01C01.tif,A06,1203,A,06
data/assayplate_3765/AssayPlate_Corning_3765_A20_T0001F001L01A01Z01C01.tif,A20,1188,A,20
data/assayplate_3765/AssayPlate_Corning_3765_A08_T0001F001L01A01Z01C01.tif,A08,1109,A,08
data/assayplate_3765/AssayPlate_Corning_3765_A10_T0001F001L01A01Z01C01.tif,A10,1358,A,10
data/assayplate_3765/AssayPlate_Corning_3765_A11_T0001F001L01A01Z01C01.tif,A11,1190,A,11
data/assayplate_3765/AssayPlate_Corning_3765_A19_T0001F001L01A01Z01C01.tif,A19,1122,A,19
data/assayplate_3765/AssayPlate_Corning_3765_A03_T0001F001L01A01Z01C01.tif,A03,1004,A,03
data/assayplate_3765/AssayPlate_Corning_3765_A15_T0001F001L01A01Z01C01.tif,A15,1150,A,15
data/assayplate_3765/AssayPlate_Corning_3765_A24_T0001F001L01A01Z01C01.tif,A24,263,A,24
data/assayplate_3765/AssayPlate_Corning_3765_A23_T0001F001L01A01Z01C01.tif,A23,688,A,23
data/assayplate_3765/AssayPlate_Corning_3765_A17_T0001F001L01A01Z01C01.tif,A17,1175,A,17
data/assayplate_3765/AssayPlate_Corning_3765_A12_T0001F001L01A01Z01C01.tif,A12,1020,A,12
data/assayplate_3765/AssayPlate_Corning_3765_A07_T0001F001L01A01Z01C01.tif,A07,1123,A,07
data/assayplate_3765/AssayPlate_Corning_3765_A05_T0001F001L01A01Z01C01.tif,A05,1216,A,05
data/assayplate_3765/AssayPlate_Corning_3765_A13_T0001F001L01A01Z01C01.tif,A13,1100,A,13
data/assayplate_3765/AssayPlate_Corning_3765_A21_T0001F001L01A01Z01C01.tif,A21,946,A,21
data/assayplate_3765/AssayPlate_Corning_3765_A01_T0001F001L01A01Z01C01.tif,A01,1534,A,01
data/assayplate_3765/AssayPlate_Corning_3765_A02_T0001F001L01A01Z01C01.tif,A02,1380,A,02
data/assayplate_3765/AssayPlate_Corning_3765_A14_T0001F001L01A01Z01C01.tif,A14,1029,A,14
data/assayplate_3765/AssayPlate_Corning_3765_A18_T0001F001L01A01Z01C01.tif,A18,1148,A,18
data/assayplate_3765/AssayPlate_Corning_3765_A22_T0001F001L01A01Z01C01.tif,A22,810,A,22
data/assayplate_3765/AssayPlate_Corning_3765_A16_T0001F001L01A01Z01C01.tif,A16,1159,A,16
data/assayplate_3765/AssayPlate_Corning_3765_A04_T0001F001L01A01Z01C01.tif,A04,1150,A,04
data/assayplate_3765/AssayPlate_Corning_3765_A09_T0001F001L01A01Z01C01.tif,A09,1274,A,09
data/assayplate_3765/AssayPlate_Corning_3765_B12_T0001F001L01A01Z01C01.tif,B12,1590,B,12
data/assayplate_3765/AssayPlate_Corning_3765_B18_T0001F001L01A01Z01C01.tif,B18,1316,B,18
data/assayplate_3765/AssayPlate_Corning_3765_B19_T0001F001L01A01Z01C01.tif,B19,1452,B,19
data/assayplate_3765/AssayPlate_Corning_3765_B03_T0001F001L01A01Z01C01.tif,B03,841,B,03
data/assayplate_3765/AssayPlate_Corning_3765_B07_T0001F001L01A01Z01C01.tif,B07,1397,B,07
data/assayplate_3765/AssayPlate_Corning_3765_B20_T0001F001L01A01Z01C01.tif,B20,1176,B,20
data/assayplate_3765/AssayPlate_Corning_3765_B24_T0001F001L01A01Z01C01.tif,B24,837,B,24
data/assayplate_3765/AssayPlate_Corning_3765_B14_T0001F001L01A01Z01C01.tif,B14,1103,B,14
data/assayplate_3765/AssayPlate_Corning_3765_B04_T0001F001L01A01Z01C01.tif,B04,844,B,04
data/assayplate_3765/AssayPlate_Corning_3765_B21_T0001F001L01A01Z01C01.tif,B21,962,B,21
data/assayplate_3765/AssayPlate_Corning_3765_B22_T0001F001L01A01Z01C01.tif,B22,723,B,22
data/assayplate_3765/AssayPlate_Corning_3765_B01_T0001F001L01A01Z01C01.tif,B01,1465,B,01
data/assayplate_3765/AssayPlate_Corning_3765_B02_T0001F001L01A01Z01C01.tif,B02,1348,B,02
data/assayplate_3765/AssayPlate_Corning_3765_B09_T0001F001L01A01Z01C01.tif,B09,1381,B,09
data/assayplate_3765/AssayPlate_Corning_3765_B05_T0001F001L01A01Z01C01.tif,B05,1100,B,05
data/assayplate_3765/AssayPlate_Corning_3765_B13_T0001F001L01A01Z01C01.tif,B13,1097,B,13
data/assayplate_3765/AssayPlate_Corning_3765_B17_T0001F001L01A01Z01C01.tif,B17,1244,B,17
data/assayplate_3765/AssayPlate_Corning_3765_B11_T0001F001L01A01Z01C01.tif,B11,1012,B,11
data/assayplate_3765/AssayPlate_Corning_3765_B06_T0001F001L01A01Z01C01.tif,B06,1408,B,06
data/assayplate_3765/AssayPlate_Corning_3765_B16_T0001F001L01A01Z01C01.tif,B16,1196,B,16
data/assayplate_3765/AssayPlate_Corning_3765_B23_T0001F001L01A01Z01C01.tif,B23,663,B,23
data/assayplate_3765/AssayPlate_Corning_3765_B10_T0001F001L01A01Z01C01.tif,B10,1184,B,10
data/assayplate_3765/AssayPlate_Corning_3765_B15_T0001F001L01A01Z01C01.tif,B15,1296,B,15
data/assayplate_3765/AssayPlate_Corning_3765_B08_T0001F001L01A01Z01C01.tif,B08,1622,B,08
data/assayplate_3765/AssayPlate_Corning_3765_C04_T0001F001L01A01Z01C01.tif,C04,875,C,04
data/assayplate_3765/AssayPlate_Corning_3765_C19_T0001F001L01A01Z01C01.tif,C19,1313,C,19
data/assayplate_3765/AssayPlate_Corning_3765_C05_T0001F001L01A01Z01C01.tif,C05,1169,C,05
data/assayplate_3765/AssayPlate_Corning_3765_C08_T0001F001L01A01Z01C01.tif,C08,1565,C,08
data/assayplate_3765/AssayPlate_Corning_3765_C15_T0001F001L01A01Z01C01.tif,C15,1119,C,15
data/assayplate_3765/AssayPlate_Corning_3765_C16_T0001F001L01A01Z01C01.tif,C16,1330,C,16
data/assayplate_3765/AssayPlate_Corning_3765_C10_T0001F001L01A01Z01C01.tif,C10,1275,C,10
data/assayplate_3765/AssayPlate_Corning_3765_C06_T0001F001L01A01Z01C01.tif,C06,1218,C,06
data/assayplate_3765/AssayPlate_Corning_3765_C07_T0001F001L01A01Z01C01.tif,C07,1442,C,07
data/assayplate_3765/AssayPlate_Corning_3765_C09_T0001F001L01A01Z01C01.tif,C09,1351,C,09
data/assayplate_3765/AssayPlate_Corning_3765_C20_T0001F001L01A01Z01C01.tif,C20,1077,C,20
data/assayplate_3765/AssayPlate_Corning_3765_C17_T0001F001L01A01Z01C01.tif,C17,1299,C,17
data/assayplate_3765/AssayPlate_Corning_3765_C01_T0001F001L01A01Z01C01.tif,C01,1669,C,01
data/assayplate_3765/AssayPlate_Corning_3765_C11_T0001F001L01A01Z01C01.tif,C11,1195,C,11
data/assayplate_3765/AssayPlate_Corning_3765_C22_T0001F001L01A01Z01C01.tif,C22,948,C,22
data/assayplate_3765/AssayPlate_Corning_3765_C02_T0001F001L01A01Z01C01.tif,C02,1288,C,02
data/assayplate_3765/AssayPlate_Corning_3765_C24_T0001F001L01A01Z01C01.tif,C24,873,C,24
data/assayplate_3765/AssayPlate_Corning_3765_C12_T0001F001L01A01Z01C01.tif,C12,1291,C,12
data/assayplate_3765/AssayPlate_Corning_3765_C14_T0001F001L01A01Z01C01.tif,C14,1139,C,14
data/assayplate_3765/AssayPlate_Corning_3765_C03_T0001F001L01A01Z01C01.tif,C03,713,C,03
data/assayplate_3765/AssayPlate_Corning_3765_C21_T0001F001L01A01Z01C01.tif,C21,978,C,21
data/assayplate_3765/AssayPlate_Corning_3765_C13_T0001F001L01A01Z01C01.tif,C13,1268,C,13
data/assayplate_3765/AssayPlate_Corning_3765_C23_T0001F001L01A01Z01C01.tif,C23,927,C,23
data/assayplate_3765/AssayPlate_Corning_3765_C18_T0001F001L01A01Z01C01.tif,C18,1439,C,18
data/assayplate_3765/AssayPlate_Corning_3765_D02_T0001F001L01A01Z01C01.tif,D02,870,D,02
data/assayplate_3765/AssayPlate_Corning_3765_D11_T0001F001L01A01Z01C01.tif,D11,1173,D,11
data/assayplate_3765/AssayPlate_Corning_3765_D07_T0001F001L01A01Z01C01.tif,D07,1311,D,07
data/assayplate_3765/AssayPlate_Corning_3765_D05_T0001F001L01A01Z01C01.tif,D05,896,D,05
data/assayplate_3765/AssayPlate_Corning_3765_D09_T0001F001L01A01Z01C01.tif,D09,1230,D,09
data/assayplate_3765/AssayPlate_Corning_3765_D18_T0001F001L01A01Z01C01.tif,D18,1334,D,18
data/assayplate_3765/AssayPlate_Corning_3765_D03_T0001F001L01A01Z01C01.tif,D03,778,D,03
data/assayplate_3765/AssayPlate_Corning_3765_D22_T0001F001L01A01Z01C01.tif,D22,834,D,22
data/assayplate_3765/AssayPlate_Corning_3765_D10_T0001F001L01A01Z01C01.tif,D10,1186,D,10
data/assayplate_3765/AssayPlate_Corning_3765_D17_T0001F001L01A01Z01C01.tif,D17,1388,D,17
data/assayplate_3765/AssayPlate_Corning_3765_D08_T0001F001L01A01Z01C01.tif,D08,1427,D,08
data/assayplate_3765/AssayPlate_Corning_3765_D12_T0001F001L01A01Z01C01.tif,D12,1208,D,12
data/assayplate_3765/AssayPlate_Corning_3765_D24_T0001F001L01A01Z01C01.tif,D24,936,D,24
data/assayplate_3765/AssayPlate_Corning_3765_D01_T0001F001L01A01Z01C01.tif,D01,1061,D,01
data/assayplate_3765/AssayPlate_Corning_3765_D14_T0001F001L01A01Z01C01.tif,D14,1195,D,14
data/assayplate_3765/AssayPlate_Corning_3765_D16_T0001F001L01A01Z01C01.tif,D16,1326,D,16
data/assayplate_3765/AssayPlate_Corning_3765_D15_T0001F001L01A01Z01C01.tif,D15,1161,D,15
data/assayplate_3765/AssayPlate_Corning_3765_D13_T0001F001L01A01Z01C01.tif,D13,1303,D,13
data/assayplate_3765/AssayPlate_Corning_3765_D21_T0001F001L01A01Z01C01.tif,D21,896,D,21
data/assayplate_3765/AssayPlate_Corning_3765_D19_T0001F001L01A01Z01C01.tif,D19,1126,D,19
data/assayplate_3765/AssayPlate_Corning_3765_D20_T0001F001L01A01Z01C01.tif,D20,1055,D,20
data/assayplate_3765/AssayPlate_Corning_3765_D23_T0001F001L01A01Z01C01.tif,D23,903,D,23
data/assayplate_3765/AssayPlate_Corning_3765_D04_T0001F001L01A01Z01C01.tif,D04,699,D,04
data/assayplate_3765/AssayPlate_Corning_3765_D06_T0001F001L01A01Z01C01.tif,D06,1083,D,06
data/assayplate_3765/AssayPlate_Corning_3765_E08_T0001F001L01A01Z01C01.tif,E08,1364,E,08
data/assayplate_3765/AssayPlate_Corning_3765_E06_T0001F001L01A01Z01C01.tif,E06,1051,E,06
data/assayplate_3765/AssayPlate_Corning_3765_E19_T0001F001L01A01Z01C01.tif,E19,1226,E,19
data/assayplate_3765/AssayPlate_Corning_3765_E21_T0001F001L01A01Z01C01.tif,E21,872,E,21
data/assayplate_3765/AssayPlate_Corning_3765_E24_T0001F001L01A01Z01C01.tif,E24,1110,E,24
data/assayplate_3765/AssayPlate_Corning_3765_E23_T0001F001L01A01Z01C01.tif,E23,136,E,23
data/assayplate_3765/AssayPlate_Corning_3765_E17_T0001F001L01A01Z01C01.tif,E17,1357,E,17
data/assayplate_3765/AssayPlate_Corning_3765_E14_T0001F001L01A01Z01C01.tif,E14,1086,E,14
data/assayplate_3765/AssayPlate_Corning_3765_E10_T0001F001L01A01Z01C01.tif,E10,1273,E,10
data/assayplate_3765/AssayPlate_Corning_3765_E07_T0001F001L01A01Z01C01.tif,E07,1404,E,07
data/assayplate_3765/AssayPlate_Corning_3765_E20_T0001F001L01A01Z01C01.tif,E20,919,E,20
data/assayplate_3765/AssayPlate_Corning_3765_E15_T0001F001L01A01Z01C01.tif,E15,1027,E,15
data/assayplate_3765/AssayPlate_Corning_3765_E22_T0001F001L01A01Z01C01.tif,E22,662,E,22
data/assayplate_3765/AssayPlate_Corning_3765_E12_T0001F001L01A01Z01C01.tif,E12,1321,E,12
data/assayplate_3765/AssayPlate_Corning_3765_E04_T0001F001L01A01Z01C01.tif,E04,735,E,04
data/assayplate_3765/AssayPlate_Corning_3765_E18_T0001F001L01A01Z01C01.tif,E18,1607,E,18
data/assayplate_3765/AssayPlate_Corning_3765_E09_T0001F001L01A01Z01C01.tif,E09,1300,E,09
data/assayplate_3765/AssayPlate_Corning_3765_E01_T0001F001L01A01Z01C01.tif,E01,1159,E,01
data/assayplate_3765/AssayPlate_Corning_3765_E16_T0001F001L01A01Z01C01.tif,E16,1362,E,16
data/assayplate_3765/AssayPlate_Corning_3765_E05_T0001F001L01A01Z01C01.tif,E05,878,E,05
data/assayplate_3765/AssayPlate_Corning_3765_E02_T0001F001L01A01Z01C01.tif,E02,1034,E,02
data/assayplate_3765/AssayPlate_Corning_3765_E03_T0001F001L01A01Z01C01.tif,E03,604,E,03
data/assayplate_3765/AssayPlate_Corning_3765_E13_T0001F001L01A01Z01C01.tif,E13,1220,E,13
data/assayplate_3765/AssayPlate_Corning_3765_E11_T0001F001L01A01Z01C01.tif,E11,1012,E,11
data/assayplate_3765/AssayPlate_Corning_3765_F07_T0001F001L01A01Z01C01.tif,F07,1300,F,07
data/assayplate_3765/AssayPlate_Corning_3765_F11_T0001F001L01A01Z01C01.tif,F11,825,F,11
data/assayplate_3765/AssayPlate_Corning_3765_F13_T0001F001L01A01Z01C01.tif,F13,1133,F,13
data/assayplate_3765/AssayPlate_Corning_3765_F15_T0001F001L01A01Z01C01.tif,F15,240,F,15
data/assayplate_3765/AssayPlate_Corning_3765_F01_T0001F001L01A01Z01C01.tif,F01,1198,F,01
data/assayplate_3765/AssayPlate_Corning_3765_F20_T0001F001L01A01Z01C01.tif,F20,965,F,20
data/assayplate_3765/AssayPlate_Corning_3765_F05_T0001F001L01A01Z01C01.tif,F05,740,F,05
data/assayplate_3765/AssayPlate_Corning_3765_F06_T0001F001L01A01Z01C01.tif,F06,106,F,06
data/assayplate_3765/AssayPlate_Corning_3765_F04_T0001F001L01A01Z01C01.tif,F04,599,F,04
data/assayplate_3765/AssayPlate_Corning_3765_F18_T0001F001L01A01Z01C01.tif,F18,1253,F,18
data/assayplate_3765/AssayPlate_Corning_3765_F02_T0001F001L01A01Z01C01.tif,F02,834,F,02
data/assayplate_3765/AssayPlate_Corning_3765_F23_T0001F001L01A01Z01C01.tif,F23,920,F,23
data/assayplate_3765/AssayPlate_Corning_3765_F10_T0001F001L01A01Z01C01.tif,F10,1053,F,10
data/assayplate_3765/AssayPlate_Corning_3765_F16_T0001F001L01A01Z01C01.tif,F16,1143,F,16
data/assayplate_3765/AssayPlate_Corning_3765_F21_T0001F001L01A01Z01C01.tif,F21,202,F,21
data/assayplate_3765/AssayPlate_Corning_3765_F08_T0001F001L01A01Z01C01.tif,F08,1369,F,08
data/assayplate_3765/AssayPlate_Corning_3765_F19_T0001F001L01A01Z01C01.tif,F19,1107,F,19
data/assayplate_3765/AssayPlate_Corning_3765_F14_T0001F001L01A01Z01C01.tif,F14,886,F,14
data/assayplate_3765/AssayPlate_Corning_3765_F17_T0001F001L01A01Z01C01.tif,F17,1432,F,17
data/assayplate_3765/AssayPlate_Corning_3765_F12_T0001F001L01A01Z01C01.tif,F12,1022,F,12
data/assayplate_3765/AssayPlate_Corning_3765_F09_T0001F001L01A01Z01C01.tif,F09,1179,F,09
data/assayplate_3765/AssayPlate_Corning_3765_F03_T0001F001L01A01Z01C01.tif,F03,671,F,03
data/assayplate_3765/AssayPlate_Corning_3765_F22_T0001F001L01A01Z01C01.tif,F22,908,F,22
data/assayplate_3765/AssayPlate_Corning_3765_F24_T0001F001L01A01Z01C01.tif,F24,1009,F,24
data/assayplate_3765/AssayPlate_Corning_3765_G01_T0001F001L01A01Z01C01.tif,G01,1026,G,01
data/assayplate_3765/AssayPlate_Corning_3765_G06_T0001F001L01A01Z01C01.tif,G06,894,G,06
data/assayplate_3765/AssayPlate_Corning_3765_G20_T0001F001L01A01Z01C01.tif,G20,863,G,20
data/assayplate_3765/AssayPlate_Corning_3765_G05_T0001F001L01A01Z01C01.tif,G05,659,G,05
data/assayplate_3765/AssayPlate_Corning_3765_G18_T0001F001L01A01Z01C01.tif,G18,1380,G,18
data/assayplate_3765/AssayPlate_Corning_3765_G22_T0001F001L01A01Z01C01.tif,G22,1296,G,22
data/assayplate_3765/AssayPlate_Corning_3765_G23_T0001F001L01A01Z01C01.tif,G23,895,G,23
data/assayplate_3765/AssayPlate_Corning_3765_G16_T0001F001L01A01Z01C01.tif,G16,1126,G,16
data/assayplate_3765/AssayPlate_Corning_3765_G13_T0001F001L01A01Z01C01.tif,G13,996,G,13
data/assayplate_3765/AssayPlate_Corning_3765_G10_T0001F001L01A01Z01C01.tif,G10,1001,G,10
data/assayplate_3765/AssayPlate_Corning_3765_G19_T0001F001L01A01Z01C01.tif,G19,981,G,19
data/assayplate_3765/AssayPlate_Corning_3765_G02_T0001F001L01A01Z01C01.tif,G02,839,G,02
data/assayplate_3765/AssayPlate_Corning_3765_G17_T0001F001L01A01Z01C01.tif,G17,1316,G,17
data/assayplate_3765/AssayPlate_Corning_3765_G04_T0001F001L01A01Z01C01.tif,G04,608,G,04
data/assayplate_3765/AssayPlate_Corning_3765_G08_T0001F001L01A01Z01C01.tif,G08,1317,G,08
data/assayplate_3765/AssayPlate_Corning_3765_G14_T0001F001L01A01Z01C01.tif,G14,868,G,14
data/assayplate_3765/AssayPlate_Corning_3765_G21_T0001F001L01A01Z01C01.tif,G21,677,G,21
data/assayplate_3765/AssayPlate_Corning_3765_G12_T0001F001L01A01Z01C01.tif,G12,922,G,12
data/assayplate_3765/AssayPlate_Corning_3765_G03_T0001F001L01A01Z01C01.tif,G03,757,G,03
data/assayplate_3765/AssayPlate_Corning_3765_G07_T0001F001L01A01Z01C01.tif,G07,1144,G,07
data/assayplate_3765/AssayPlate_Corning_3765_G11_T0001F001L01A01Z01C01.tif,G11,727,G,11
data/assayplate_3765/AssayPlate_Corning_3765_G24_T0001F001L01A01Z01C01.tif,G24,1076,G,24
data/assayplate_3765/AssayPlate_Corning_3765_G15_T0001F001L01A01Z01C01.tif,G15,930,G,15
data/assayplate_3765/AssayPlate_Corning_3765_G09_T0001F001L01A01Z01C01.tif,G09,1200,G,09
data/assayplate_3765/AssayPlate_Corning_3765_H14_T0001F001L01A01Z01C01.tif,H14,725,H,14
data/assayplate_3765/AssayPlate_Corning_3765_H15_T0001F001L01A01Z01C01.tif,H15,913,H,15
data/assayplate_3765/AssayPlate_Corning_3765_H23_T0001F001L01A01Z01C01.tif,H23,827,H,23
data/assayplate_3765/AssayPlate_Corning_3765_H01_T0001F001L01A01Z01C01.tif,H01,1081,H,01
data/assayplate_3765/AssayPlate_Corning_3765_H10_T0001F001L01A01Z01C01.tif,H10,1023,H,10
data/assayplate_3765/AssayPlate_Corning_3765_H18_T0001F001L01A01Z01C01.tif,H18,1242,H,18
data/assayplate_3765/AssayPlate_Corning_3765_H09_T0001F001L01A01Z01C01.tif,H09,1544,H,09
data/assayplate_3765/AssayPlate_Corning_3765_H08_T0001F001L01A01Z01C01.tif,H08,1454,H,08
data/assayplate_3765/AssayPlate_Corning_3765_H02_T0001F001L01A01Z01C01.tif,H02,853,H,02
data/assayplate_3765/AssayPlate_Corning_3765_H11_T0001F001L01A01Z01C01.tif,H11,744,H,11
data/assayplate_3765/AssayPlate_Corning_3765_H20_T0001F001L01A01Z01C01.tif,H20,780,H,20
data/assayplate_3765/AssayPlate_Corning_3765_H17_T0001F001L01A01Z01C01.tif,H17,1331,H,17
data/assayplate_3765/AssayPlate_Corning_3765_H16_T0001F001L01A01Z01C01.tif,H16,1264,H,16
data/assayplate_3765/AssayPlate_Corning_3765_H13_T0001F001L01A01Z01C01.tif,H13,921,H,13
data/assayplate_3765/AssayPlate_Corning_3765_H06_T0001F001L01A01Z01C01.tif,H06,963,H,06
data/assayplate_3765/AssayPlate_Corning_3765_H12_T0001F001L01A01Z01C01.tif,H12,883,H,12
data/assayplate_3765/AssayPlate_Corning_3765_H03_T0001F001L01A01Z01C01.tif,H03,622,H,03
data/assayplate_3765/AssayPlate_Corning_3765_H22_T0001F001L01A01Z01C01.tif,H22,863,H,22
data/assayplate_3765/AssayPlate_Corning_3765_H04_T0001F001L01A01Z01C01.tif,H04,513,H,04
data/assayplate_3765/AssayPlate_Corning_3765_H07_T0001F001L01A01Z01C01.tif,H07,1323,H,07
data/assayplate_3765/AssayPlate_Corning_3765_H19_T0001F001L01A01Z01C01.tif,H19,1559,H,19
data/assayplate_3765/AssayPlate_Corning_3765_H21_T0001F001L01A01Z01C01.tif,H21,995,H,21
data/assayplate_3765/AssayPlate_Corning_3765_H24_T0001F001L01A01Z01C01.tif,H24,1027,H,24
data/assayplate_3765/AssayPlate_Corning_3765_H05_T0001F001L01A01Z01C01.tif,H05,627,H,05
data/assayplate_3765/AssayPlate_Corning_3765_I23_T0001F001L01A01Z01C01.tif,I23,833,I,23
data/assayplate_3765/AssayPlate_Corning_3765_I16_T0001F001L01A01Z01C01.tif,I16,1129,I,16
data/assayplate_3765/AssayPlate_Corning_3765_I08_T0001F001L01A01Z01C01.tif,I08,1318,I,08
data/assayplate_3765/AssayPlate_Corning_3765_I05_T0001F001L01A01Z01C01.tif,I05,476,I,05
data/assayplate_3765/AssayPlate_Corning_3765_I22_T0001F001L01A01Z01C01.tif,I22,847,I,22
data/assayplate_3765/AssayPlate_Corning_3765_I17_T0001F001L01A01Z01C01.tif,I17,1150,I,17
data/assayplate_3765/AssayPlate_Corning_3765_I07_T0001F001L01A01Z01C01.tif,I07,1015,I,07
data/assayplate_3765/AssayPlate_Corning_3765_I14_T0001F001L01A01Z01C01.tif,I14,624,I,14
data/assayplate_3765/AssayPlate_Corning_3765_I03_T0001F001L01A01Z01C01.tif,I03,826,I,03
data/assayplate_3765/AssayPlate_Corning_3765_I24_T0001F001L01A01Z01C01.tif,I24,978,I,24
data/assayplate_3765/AssayPlate_Corning_3765_I20_T0001F001L01A01Z01C01.tif,I20,582,I,20
data/assayplate_3765/AssayPlate_Corning_3765_I21_T0001F001L01A01Z01C01.tif,I21,652,I,21
data/assayplate_3765/AssayPlate_Corning_3765_I06_T0001F001L01A01Z01C01.tif,I06,809,I,06
data/assayplate_3765/AssayPlate_Corning_3765_I19_T0001F001L01A01Z01C01.tif,I19,925,I,19
data/assayplate_3765/AssayPlate_Corning_3765_I02_T0001F001L01A01Z01C01.tif,I02,889,I,02
data/assayplate_3765/AssayPlate_Corning_3765_I09_T0001F001L01A01Z01C01.tif,I09,1098,I,09
data/assayplate_3765/AssayPlate_Corning_3765_I01_T0001F001L01A01Z01C01.tif,I01,1061,I,01
data/assayplate_3765/AssayPlate_Corning_3765_I10_T0001F001L01A01Z01C01.tif,I10,753,I,10
data/assayplate_3765/AssayPlate_Corning_3765_I13_T0001F001L01A01Z01C01.tif,I13,1037,I,13
data/assayplate_3765/AssayPlate_Corning_3765_I12_T0001F001L01A01Z01C01.tif,I12,770,I,12
data/assayplate_3765/AssayPlate_Corning_3765_I04_T0001F001L01A01Z01C01.tif,I04,563,I,04
data/assayplate_3765/AssayPlate_Corning_3765_I11_T0001F001L01A01Z01C01.tif,I11,575,I,11
data/assayplate_3765/AssayPlate_Corning_3765_I15_T0001F001L01A01Z01C01.tif,I15,801,I,15
data/assayplate_3765/AssayPlate_Corning_3765_I18_T0001F001L01A01Z01C01.tif,I18,1460,I,18
data/assayplate_3765/AssayPlate_Corning_3765_J07_T0001F001L01A01Z01C01.tif,J07,1125,J,07
data/assayplate_3765/AssayPlate_Corning_3765_J21_T0001F001L01A01Z01C01.tif,J21,559,J,21
data/assayplate_3765/AssayPlate_Corning_3765_J06_T0001F001L01A01Z01C01.tif,J06,631,J,06
data/assayplate_3765/AssayPlate_Corning_3765_J15_T0001F001L01A01Z01C01.tif,J15,760,J,15
data/assayplate_3765/AssayPlate_Corning_3765_J17_T0001F001L01A01Z01C01.tif,J17,1258,J,17
data/assayplate_3765/AssayPlate_Corning_3765_J11_T0001F001L01A01Z01C01.tif,J11,636,J,11
data/assayplate_3765/AssayPlate_Corning_3765_J24_T0001F001L01A01Z01C01.tif,J24,844,J,24
data/assayplate_3765/AssayPlate_Corning_3765_J22_T0001F001L01A01Z01C01.tif,J22,771,J,22
data/assayplate_3765/AssayPlate_Corning_3765_J01_T0001F001L01A01Z01C01.tif,J01,1175,J,01
data/assayplate_3765/AssayPlate_Corning_3765_J10_T0001F001L01A01Z01C01.tif,J10,713,J,10
data/assayplate_3765/AssayPlate_Corning_3765_J16_T0001F001L01A01Z01C01.tif,J16,954,J,16
data/assayplate_3765/AssayPlate_Corning_3765_J18_T0001F001L01A01Z01C01.tif,J18,992,J,18
data/assayplate_3765/AssayPlate_Corning_3765_J08_T0001F001L01A01Z01C01.tif,J08,1236,J,08
data/assayplate_3765/AssayPlate_Corning_3765_J09_T0001F001L01A01Z01C01.tif,J09,991,J,09
data/assayplate_3765/AssayPlate_Corning_3765_J03_T0001F001L01A01Z01C01.tif,J03,883,J,03
data/assayplate_3765/AssayPlate_Corning_3765_J05_T0001F001L01A01Z01C01.tif,J05,454,J,05
data/assayplate_3765/AssayPlate_Corning_3765_J14_T0001F001L01A01Z01C01.tif,J14,559,J,14
data/assayplate_3765/AssayPlate_Corning_3765_J12_T0001F001L01A01Z01C01.tif,J12,765,J,12
data/assayplate_3765/AssayPlate_Corning_3765_J13_T0001F001L01A01Z01C01.tif,J13,1664,J,13
data/assayplate_3765/AssayPlate_Corning_3765_J20_T0001F001L01A01Z01C01.tif,J20,468,J,20
data/assayplate_3765/AssayPlate_Corning_3765_J02_T0001F001L01A01Z01C01.tif,J02,877,J,02
data/assayplate_3765/AssayPlate_Corning_3765_J19_T0001F001L01A01Z01C01.tif,J19,598,J,19
data/assayplate_3765/AssayPlate_Corning_3765_J23_T0001F001L01A01Z01C01.tif,J23,812,J,23
data/assayplate_3765/AssayPlate_Corning_3765_J04_T0001F001L01A01Z01C01.tif,J04,491,J,04
data/assayplate_3765/AssayPlate_Corning_3765_K20_T0001F001L01A01Z01C01.tif,K20,411,K,20
data/assayplate_3765/AssayPlate_Corning_3765_K16_T0001F001L01A01Z01C01.tif,K16,967,K,16
data/assayplate_3765/AssayPlate_Corning_3765_K06_T0001F001L01A01Z01C01.tif,K06,527,K,06
data/assayplate_3765/AssayPlate_Corning_3765_K13_T0001F001L01A01Z01C01.tif,K13,812,K,13
data/assayplate_3765/AssayPlate_Corning_3765_K02_T0001F001L01A01Z01C01.tif,K02,896,K,02
data/assayplate_3765/AssayPlate_Corning_3765_K15_T0001F001L01A01Z01C01.tif,K15,666,K,15
data/assayplate_3765/AssayPlate_Corning_3765_K18_T0001F001L01A01Z01C01.tif,K18,979,K,18
data/assayplate_3765/AssayPlate_Corning_3765_K12_T0001F001L01A01Z01C01.tif,K12,756,K,12
data/assayplate_3765/AssayPlate_Corning_3765_K04_T0001F001L01A01Z01C01.tif,K04,465,K,04
data/assayplate_3765/AssayPlate_Corning_3765_K05_T0001F001L01A01Z01C01.tif,K05,401,K,05
data/assayplate_3765/AssayPlate_Corning_3765_K19_T0001F001L01A01Z01C01.tif,K19,545,K,19
data/assayplate_3765/AssayPlate_Corning_3765_K17_T0001F001L01A01Z01C01.tif,K17,1047,K,17
data/assayplate_3765/AssayPlate_Corning_3765_K03_T0001F001L01A01Z01C01.tif,K03,679,K,03
data/assayplate_3765/AssayPlate_Corning_3765_K10_T0001F001L01A01Z01C01.tif,K10,634,K,10
data/assayplate_3765/AssayPlate_Corning_3765_K14_T0001F001L01A01Z01C01.tif,K14,532,K,14
data/assayplate_3765/AssayPlate_Corning_3765_K01_T0001F001L01A01Z01C01.tif,K01,1042,K,01
data/assayplate_3765/AssayPlate_Corning_3765_K22_T0001F001L01A01Z01C01.tif,K22,640,K,22
data/assayplate_3765/AssayPlate_Corning_3765_K21_T0001F001L01A01Z01C01.tif,K21,616,K,21
data/assayplate_3765/AssayPlate_Corning_3765_K11_T0001F001L01A01Z01C01.tif,K11,477,K,11
data/assayplate_3765/AssayPlate_Corning_3765_K23_T0001F001L01A01Z01C01.tif,K23,708,K,23
data/assayplate_3765/AssayPlate_Corning_3765_K09_T0001F001L01A01Z01C01.tif,K09,805,K,09
data/assayplate_3765/AssayPlate_Corning_3765_K07_T0001F001L01A01Z01C01.tif,K07,910,K,07
data/assayplate_3765/AssayPlate_Corning_3765_K08_T0001F001L01A01Z01C01.tif,K08,1029,K,08
data/assayplate_3765/AssayPlate_Corning_3765_K24_T0001F001L01A01Z01C01.tif,K24,820,K,24
data/assayplate_3765/AssayPlate_Corning_3765_L10_T0001F001L01A01Z01C01.tif,L10,654,L,10
data/assayplate_3765/AssayPlate_Corning_3765_L21_T0001F001L01A01Z01C01.tif,L21,576,L,21
data/assayplate_3765/AssayPlate_Corning_3765_L02_T0001F001L01A01Z01C01.tif,L02,884,L,02
data/assayplate_3765/AssayPlate_Corning_3765_L18_T0001F001L01A01Z01C01.tif,L18,949,L,18
data/assayplate_3765/AssayPlate_Corning_3765_L09_T0001F001L01A01Z01C01.tif,L09,825,L,09
data/assayplate_3765/AssayPlate_Corning_3765_L20_T0001F001L01A01Z01C01.tif,L20,520,L,20
data/assayplate_3765/AssayPlate_Corning_3765_L15_T0001F001L01A01Z01C01.tif,L15,677,L,15
data/assayplate_3765/AssayPlate_Corning_3765_L23_T0001F001L01A01Z01C01.tif,L23,648,L,23
data/assayplate_3765/AssayPlate_Corning_3765_L07_T0001F001L01A01Z01C01.tif,L07,915,L,07
data/assayplate_3765/AssayPlate_Corning_3765_L11_T0001F001L01A01Z01C01.tif,L11,667,L,11
data/assayplate_3765/AssayPlate_Corning_3765_L16_T0001F001L01A01Z01C01.tif,L16,724,L,16
data/assayplate_3765/AssayPlate_Corning_3765_L22_T0001F001L01A01Z01C01.tif,L22,1336,L,22
data/assayplate_3765/AssayPlate_Corning_3765_L24_T0001F001L01A01Z01C01.tif,L24,797,L,24
data/assayplate_3765/AssayPlate_Corning_3765_L12_T0001F001L01A01Z01C01.tif,L12,789,L,12
data/assayplate_3765/AssayPlate_Corning_3765_L17_T0001F001L01A01Z01C01.tif,L17,1022,L,17
data/assayplate_3765/AssayPlate_Corning_3765_L08_T0001F001L01A01Z01C01.tif,L08,935,L,08
data/assayplate_3765/AssayPlate_Corning_3765_L05_T0001F001L01A01Z01C01.tif,L05,454,L,05
data/assayplate_3765/AssayPlate_Corning_3765_L01_T0001F001L01A01Z01C01.tif,L01,1047,L,01
data/assayplate_3765/AssayPlate_Corning_3765_L19_T0001F001L01A01Z01C01.tif,L19,421,L,19
data/assayplate_3765/AssayPlate_Corning_3765_L04_T0001F001L01A01Z01C01.tif,L04,642,L,04
data/assayplate_3765/AssayPlate_Corning_3765_L14_T0001F001L01A01Z01C01.tif,L14,661,L,14
data/assayplate_3765/AssayPlate_Corning_3765_L06_T0001F001L01A01Z01C01.tif,L06,516,L,06
data/assayplate_3765/AssayPlate_Corning_3765_L13_T0001F001L01A01Z01C01.tif,L13,1063,L,13
data/assayplate_3765/AssayPlate_Corning_3765_L03_T0001F001L01A01Z01C01.tif,L03,680,L,03
data/assayplate_3765/AssayPlate_Corning_3765_M03_T0001F001L01A01Z01C01.tif,M03,644,M,03
data/assayplate_3765/AssayPlate_Corning_3765_M09_T0001F001L01A01Z01C01.tif,M09,705,M,09
data/assayplate_3765/AssayPlate_Corning_3765_M08_T0001F001L01A01Z01C01.tif,M08,1064,M,08
data/assayplate_3765/AssayPlate_Corning_3765_M21_T0001F001L01A01Z01C01.tif,M21,598,M,21
data/assayplate_3765/AssayPlate_Corning_3765_M01_T0001F001L01A01Z01C01.tif,M01,1016,M,01
data/assayplate_3765/AssayPlate_Corning_3765_M15_T0001F001L01A01Z01C01.tif,M15,643,M,15
data/assayplate_3765/AssayPlate_Corning_3765_M22_T0001F001L01A01Z01C01.tif,M22,718,M,22
data/assayplate_3765/AssayPlate_Corning_3765_M19_T0001F001L01A01Z01C01.tif,M19,364,M,19
data/assayplate_3765/AssayPlate_Corning_3765_M06_T0001F001L01A01Z01C01.tif,M06,383,M,06
data/assayplate_3765/AssayPlate_Corning_3765_M18_T0001F001L01A01Z01C01.tif,M18,796,M,18
data/assayplate_3765/AssayPlate_Corning_3765_M02_T0001F001L01A01Z01C01.tif,M02,861,M,02
data/assayplate_3765/AssayPlate_Corning_3765_M20_T0001F001L01A01Z01C01.tif,M20,443,M,20
data/assayplate_3765/AssayPlate_Corning_3765_M17_T0001F001L01A01Z01C01.tif,M17,988,M,17
data/assayplate_3765/AssayPlate_Corning_3765_M24_T0001F001L01A01Z01C01.tif,M24,732,M,24
data/assayplate_3765/AssayPlate_Corning_3765_M05_T0001F001L01A01Z01C01.tif,M05,373,M,05
data/assayplate_3765/AssayPlate_Corning_3765_M23_T0001F001L01A01Z01C01.tif,M23,677,M,23
data/assayplate_3765/AssayPlate_Corning_3765_M14_T0001F001L01A01Z01C01.tif,M14,567,M,14
data/assayplate_3765/AssayPlate_Corning_3765_M07_T0001F001L01A01Z01C01.tif,M07,889,M,07
data/assayplate_3765/AssayPlate_Corning_3765_M04_T0001F001L01A01Z01C01.tif,M04,471,M,04
data/assayplate_3765/AssayPlate_Corning_3765_M12_T0001F001L01A01Z01C01.tif,M12,701,M,12
data/assayplate_3765/AssayPlate_Corning_3765_M11_T0001F001L01A01Z01C01.tif,M11,810,M,11
data/assayplate_3765/AssayPlate_Corning_3765_M10_T0001F001L01A01Z01C01.tif,M10,731,M,10
data/assayplate_3765/AssayPlate_Corning_3765_M16_T0001F001L01A01Z01C01.tif,M16,690,M,16
data/assayplate_3765/AssayPlate_Corning_3765_M13_T0001F001L01A01Z01C01.tif,M13,718,M,13
data/assayplate_3765/AssayPlate_Corning_3765_N15_T0001F001L01A01Z01C01.tif,N15,631,N,15
data/assayplate_3765/AssayPlate_Corning_3765_N08_T0001F001L01A01Z01C01.tif,N08,1074,N,08
data/assayplate_3765/AssayPlate_Corning_3765_N17_T0001F001L01A01Z01C01.tif,N17,913,N,17
data/assayplate_3765/AssayPlate_Corning_3765_N20_T0001F001L01A01Z01C01.tif,N20,283,N,20
data/assayplate_3765/AssayPlate_Corning_3765_N12_T0001F001L01A01Z01C01.tif,N12,680,N,12
data/assayplate_3765/AssayPlate_Corning_3765_N22_T0001F001L01A01Z01C01.tif,N22,355,N,22
data/assayplate_3765/AssayPlate_Corning_3765_N01_T0001F001L01A01Z01C01.tif,N01,897,N,01
data/assayplate_3765/AssayPlate_Corning_3765_N18_T0001F001L01A01Z01C01.tif,N18,801,N,18
data/assayplate_3765/AssayPlate_Corning_3765_N07_T0001F001L01A01Z01C01.tif,N07,854,N,07
data/assayplate_3765/AssayPlate_Corning_3765_N24_T0001F001L01A01Z01C01.tif,N24,657,N,24
data/assayplate_3765/AssayPlate_Corning_3765_N16_T0001F001L01A01Z01C01.tif,N16,632,N,16
data/assayplate_3765/AssayPlate_Corning_3765_N02_T0001F001L01A01Z01C01.tif,N02,644,N,02
data/assayplate_3765/AssayPlate_Corning_3765_N03_T0001F001L01A01Z01C01.tif,N03,627,N,03
data/assayplate_3765/AssayPlate_Corning_3765_N19_T0001F001L01A01Z01C01.tif,N19,456,N,19
data/assayplate_3765/AssayPlate_Corning_3765_N05_T0001F001L01A01Z01C01.tif,N05,347,N,05
data/assayplate_3765/AssayPlate_Corning_3765_N11_T0001F001L01A01Z01C01.tif,N11,537,N,11
data/assayplate_3765/AssayPlate_Corning_3765_N06_T0001F001L01A01Z01C01.tif,N06,452,N,06
data/assayplate_3765/AssayPlate_Corning_3765_N23_T0001F001L01A01Z01C01.tif,N23,633,N,23
data/assayplate_3765/AssayPlate_Corning_3765_N09_T0001F001L01A01Z01C01.tif,N09,819,N,09
data/assayplate_3765/AssayPlate_Corning_3765_N10_T0001F001L01A01Z01C01.tif,N10,612,N,10
data/assayplate_3765/AssayPlate_Corning_3765_N04_T0001F001L01A01Z01C01.tif,N04,537,N,04
data/assayplate_3765/AssayPlate_Corning_3765_N13_T0001F001L01A01Z01C01.tif,N13,784,N,13
data/assayplate_3765/AssayPlate_Corning_3765_N21_T0001F001L01A01Z01C01.tif,N21,602,N,21
data/assayplate_3765/AssayPlate_Corning_3765_N14_T0001F001L01A01Z01C01.tif,N14,584,N,14
data/assayplate_3765/AssayPlate_Corning_3765_O13_T0001F001L01A01Z01C01.tif,O13,697,O,13
data/assayplate_3765/AssayPlate_Corning_3765_O12_T0001F001L01A01Z01C01.tif,O12,399,O,12
data/assayplate_3765/AssayPlate_Corning_3765_O04_T0001F001L01A01Z01C01.tif,O04,378,O,04
data/assayplate_3765/AssayPlate_Corning_3765_O05_T0001F001L01A01Z01C01.tif,O05,147,O,05
data/assayplate_3765/AssayPlate_Corning_3765_O18_T0001F001L01A01Z01C01.tif,O18,1137,O,18
data/assayplate_3765/AssayPlate_Corning_3765_O10_T0001F001L01A01Z01C01.tif,O10,591,O,10
data/assayplate_3765/AssayPlate_Corning_3765_O01_T0001F001L01A01Z01C01.tif,O01,683,O,01
data/assayplate_3765/AssayPlate_Corning_3765_O11_T0001F001L01A01Z01C01.tif,O11,491,O,11
data/assayplate_3765/AssayPlate_Corning_3765_O24_T0001F001L01A01Z01C01.tif,O24,758,O,24
data/assayplate_3765/AssayPlate_Corning_3765_O15_T0001F001L01A01Z01C01.tif,O15,514,O,15
data/assayplate_3765/AssayPlate_Corning_3765_O02_T0001F001L01A01Z01C01.tif,O02,494,O,02
data/assayplate_3765/AssayPlate_Corning_3765_O22_T0001F001L01A01Z01C01.tif,O22,496,O,22
data/assayplate_3765/AssayPlate_Corning_3765_O03_T0001F001L01A01Z01C01.tif,O03,513,O,03
data/assayplate_3765/AssayPlate_Corning_3765_O23_T0001F001L01A01Z01C01.tif,O23,560,O,23
data/assayplate_3765/AssayPlate_Corning_3765_O19_T0001F001L01A01Z01C01.tif,O19,431,O,19
data/assayplate_3765/AssayPlate_Corning_3765_O16_T0001F001L01A01Z01C01.tif,O16,811,O,16
data/assayplate_3765/AssayPlate_Corning_3765_O07_T0001F001L01A01Z01C01.tif,O07,786,O,07
data/assayplate_3765/AssayPlate_Corning_3765_O06_T0001F001L01A01Z01C01.tif,O06,329,O,06
data/assayplate_3765/AssayPlate_Corning_3765_O08_T0001F001L01A01Z01C01.tif,O08,1008,O,08
data/assayplate_3765/AssayPlate_Corning_3765_O20_T0001F001L01A01Z01C01.tif,O20,423,O,20
data/assayplate_3765/AssayPlate_Corning_3765_O21_T0001F001L01A01Z01C01.tif,O21,361,O,21
data/assayplate_3765/AssayPlate_Corning_3765_O09_T0001F001L01A01Z01C01.tif,O09,834,O,09
data/assayplate_3765/AssayPlate_Corning_3765_O14_T0001F001L01A01Z01C01.tif,O14,480,O,14
data/assayplate_3765/AssayPlate_Corning_3765_O17_T0001F001L01A01Z01C01.tif,O17,791,O,17
data/assayplate_3765/AssayPlate_Corning_3765_P10_T0001F001L01A01Z01C01.tif,P10,521,P,10
data/assayplate_3765/AssayPlate_Corning_3765_P08_T0001F001L01A01Z01C01.tif,P08,688,P,08
data/assayplate_3765/AssayPlate_Corning_3765_P19_T0001F001L01A01Z01C01.tif,P19,447,P,19
data/assayplate_3765/AssayPlate_Corning_3765_P15_T0001F001L01A01Z01C01.tif,P15,295,P,15
data/assayplate_3765/AssayPlate_Corning_3765_P18_T0001F001L01A01Z01C01.tif,P18,770,P,18
data/assayplate_3765/AssayPlate_Corning_3765_P22_T0001F001L01A01Z01C01.tif,P22,450,P,22
data/assayplate_3765/AssayPlate_Corning_3765_P12_T0001F001L01A01Z01C01.tif,P12,391,P,12
data/assayplate_3765/AssayPlate_Corning_3765_P16_T0001F001L01A01Z01C01.tif,P16,638,P,16
data/assayplate_3765/AssayPlate_Corning_3765_P01_T0001F001L01A01Z01C01.tif,P01,739,P,01
data/assayplate_3765/AssayPlate_Corning_3765_P03_T0001F001L01A01Z01C01.tif,P03,486,P,03
data/assayplate_3765/AssayPlate_Corning_3765_P09_T0001F001L01A01Z01C01.tif,P09,525,P,09
data/assayplate_3765/AssayPlate_Corning_3765_P02_T0001F001L01A01Z01C01.tif,P02,536,P,02
data/assayplate_3765/AssayPlate_Corning_3765_P06_T0001F001L01A01Z01C01.tif,P06,538,P,06
data/assayplate_3765/AssayPlate_Corning_3765_P07_T0001F001L01A01Z01C01.tif,P07,811,P,07
data/assayplate_3765/AssayPlate_Corning_3765_P14_T0001F001L01A01Z01C01.tif,P14,174,P,14
data/assayplate_3765/AssayPlate_Corning_3765_P13_T0001F001L01A01Z01C01.tif,P13,393,P,13
data/assayplate_3765/AssayPlate_Corning_3765_P20_T0001F001L01A01Z01C01.tif,P20,207,P,20
data/assayplate_3765/AssayPlate_Corning_3765_P23_T0001F001L01A01Z01C01.tif,P23,468,P,23
data/assayplate_3765/AssayPlate_Corning_3765_P24_T0001F001L01A01Z01C01.tif,P24,760,P,24
data/assayplate_3765/AssayPlate_Corning_3765_P04_T0001F001L01A01Z01C01.tif,P04,521,P,04
data/assayplate_3765/AssayPlate_Corning_3765_P21_T0001F001L01A01Z01C01.tif,P21,403,P,21
data/assayplate_3765/AssayPlate_Corning_3765_P11_T0001F001L01A01Z01C01.tif,P11,410,P,11
data/assayplate_3765/AssayPlate_Corning_3765_P05_T0001F001L01A01Z01C01.tif,P05,447,P,05
data/assayplate_3765/AssayPlate_Corning_3765_P17_T0001F001L01A01Z01C01.tif,P17,785,P,17
